frame,dx_km,dy_km,mag_km,confidence
2,0.0,0.0,0.0,0.9931378761963077
3,-1000.0,0.0,1000.0,0.9888565053294329
4,0.0,1000.0,1000.0,0.9902218432275893
